recall,precision
0.058823529411764705,1.0
0.11764705882352941,1.0
0.17647058823529413,1.0
0.23529411764705882,1.0
0.29411764705882354,1.0
0.35294117647058826,1.0
0.4117647058823529,1.0
0.47058823529411764,1.0
0.5294117647058824,1.0
0.5882352941176471,1.0
