recall,precision
0.15789473684210525,0.04225352112676056
0.21052631578947367,0.04819277108433735
0.2631578947368421,0.058823529411764705
0.3157894736842105,0.06
0.3684210526315789,0.06086956521739131
0.10526315789473684,0.3333333333333333
