recall,precision
0.028089887640449437,0.7142857142857143
