recall,precision
0.7142857142857143,0.20833333333333334
0.8571428571428571,0.21428571428571427
0.2857142857142857,1.0
0.42857142857142855,1.0
0.5714285714285714,1.0
