recall,precision
0.002336448598130841,0.3333333333333333
0.004672897196261682,0.5
0.009345794392523364,0.6666666666666666
0.011682242990654205,0.7142857142857143
0.016355140186915886,0.7777777777777778
0.02570093457943925,0.7857142857142857
0.018691588785046728,0.8
0.028037383177570093,0.8
0.030373831775700934,0.8125
0.02102803738317757,0.8181818181818182
0.02336448598130841,0.8333333333333334
