recall,precision
0.3448275862068966,0.004125412541254125
0.13793103448275862,0.004188481675392671
0.27586206896551724,0.00443213296398892
0.3103448275862069,0.0047872340425531915
0.1724137931034483,0.005230125523012552
0.20689655172413793,0.005687203791469194
0.2413793103448276,0.005691056910569106
0.034482758620689655,0.03125
0.06896551724137931,0.04878048780487805
0.0,1.0
