recall,precision
0.16666666666666666,0.4583333333333333
