recall,precision
0.4666666666666667,0.4666666666666667
0.5,0.46875
0.4,0.48
0.43333333333333335,0.5
0.36666666666666664,0.5789473684210527
0.3333333333333333,0.5882352941176471
0.3,0.6428571428571429
0.26666666666666666,0.6666666666666666
0.23333333333333334,0.7
0.03333333333333333,1.0
0.06666666666666667,1.0
0.1,1.0
0.13333333333333333,1.0
0.16666666666666666,1.0
0.2,1.0
0.0,1.0
