recall,precision
0.1527777777777778,0.5238095238095238
