recall,precision
0.41509433962264153,0.30985915492957744
