recall,precision
0.055619930475086905,0.7272727272727273
