recall,precision
0.47368421052631576,0.5380434782608695
