recall,precision
0.3508771929824561,0.47619047619047616
