recall,precision
0.36666666666666664,0.4782608695652174
0.3333333333333333,0.5
0.4,0.5
0.3,0.6428571428571429
0.03333333333333333,1.0
0.06666666666666667,1.0
0.1,1.0
0.13333333333333333,1.0
0.16666666666666666,1.0
0.2,1.0
0.23333333333333334,1.0
0.26666666666666666,1.0
