recall,precision
0.06790123456790123,0.9166666666666666
