recall,precision
0.41509433962264153,0.5945945945945946
