recall,precision
0.3,0.42857142857142855
0.4,0.4444444444444444
0.3333333333333333,0.45454545454545453
0.36666666666666664,0.4583333333333333
0.23333333333333334,0.7777777777777778
0.26666666666666666,0.8
0.03333333333333333,1.0
0.06666666666666667,1.0
0.13333333333333333,1.0
0.16666666666666666,1.0
0.2,1.0
