recall,precision
0.03066812705366922,0.717948717948718
