recall,precision
0.27615062761506276,0.5892857142857143
