recall,precision
0.08064516129032258,0.5263157894736842
0.056451612903225805,0.5384615384615384
0.06451612903225806,0.5714285714285714
0.07258064516129033,0.6
0.04838709677419355,0.6666666666666666
0.024193548387096774,0.75
0.03225806451612903,0.8
0.04032258064516129,0.8333333333333334
0.008064516129032258,1.0
0.016129032258064516,1.0
