recall,precision
0.20689655172413793,0.3
0.034482758620689655,0.3333333333333333
0.1724137931034483,0.3333333333333333
0.2413793103448276,0.3333333333333333
0.3793103448275862,0.34375
0.3448275862068966,0.35714285714285715
0.27586206896551724,0.36363636363636365
0.3103448275862069,0.375
0.06896551724137931,0.4
0.10344827586206896,0.42857142857142855
0.13793103448275862,0.5
0.0,1.0
