recall,precision
0.38461538461538464,0.8333333333333334
