recall,precision
0.056818181818181816,0.9090909090909091
0.0625,0.9166666666666666
0.06818181818181818,0.9230769230769231
0.005681818181818182,1.0
0.011363636363636364,1.0
0.017045454545454544,1.0
0.022727272727272728,1.0
0.028409090909090908,1.0
0.03409090909090909,1.0
0.03977272727272727,1.0
0.045454545454545456,1.0
0.05113636363636364,1.0
