recall,precision
0.08571428571428572,0.6
0.1,0.6363636363636364
0.11428571428571428,0.6666666666666666
0.12857142857142856,0.6923076923076923
0.14285714285714285,0.7142857142857143
0.15714285714285714,0.7333333333333333
0.17142857142857143,0.75
0.18571428571428572,0.7647058823529411
0.2,0.7777777777777778
0.05714285714285714,0.8
0.07142857142857142,0.8333333333333334
0.014285714285714285,1.0
0.02857142857142857,1.0
0.04285714285714286,1.0
