recall,precision
0.018518518518518517,1.0
0.037037037037037035,1.0
0.05555555555555555,1.0
0.07407407407407407,1.0
0.09259259259259259,1.0
0.1111111111111111,1.0
0.12962962962962962,1.0
0.14814814814814814,1.0
0.16666666666666666,1.0
0.18518518518518517,1.0
0.2037037037037037,1.0
0.2222222222222222,1.0
0.24074074074074073,1.0
0.25925925925925924,1.0
0.2777777777777778,1.0
