recall,precision
0.20833333333333334,0.38461538461538464
0.25,0.4
0.2916666666666667,0.4375
0.3333333333333333,0.47058823529411764
0.375,0.47368421052631576
0.4166666666666667,0.5
0.4583333333333333,0.5238095238095238
0.5416666666666666,0.5416666666666666
0.5,0.5454545454545454
0.16666666666666666,0.8
0.041666666666666664,1.0
0.08333333333333333,1.0
0.125,1.0
