recall,precision
0.008064516129032258,1.0
0.016129032258064516,1.0
0.024193548387096774,1.0
0.03225806451612903,1.0
0.04032258064516129,1.0
0.04838709677419355,1.0
0.056451612903225805,1.0
0.06451612903225806,1.0
0.07258064516129033,1.0
0.08064516129032258,1.0
0.08870967741935484,1.0
0.0967741935483871,1.0
0.10483870967741936,1.0
0.11290322580645161,1.0
0.12096774193548387,1.0
0.12903225806451613,1.0
0.13709677419354838,1.0
0.14516129032258066,1.0
0.1532258064516129,1.0
0.16129032258064516,1.0
0.1693548387096774,1.0
0.1774193548387097,1.0
0.18548387096774194,1.0
0.1935483870967742,1.0
0.20161290322580644,1.0
0.20967741935483872,1.0
0.0,1.0
