recall,precision
0.019230769230769232,1.0
0.038461538461538464,1.0
0.057692307692307696,1.0
0.07692307692307693,1.0
0.09615384615384616,1.0
0.11538461538461539,1.0
0.1346153846153846,1.0
0.15384615384615385,1.0
0.17307692307692307,1.0
0.19230769230769232,1.0
0.21153846153846154,1.0
0.23076923076923078,1.0
0.25,1.0
0.2692307692307692,1.0
