recall,precision
0.05555555555555555,1.0
0.1111111111111111,1.0
0.16666666666666666,1.0
0.2222222222222222,1.0
0.2777777777777778,1.0
