recall,precision
0.6111111111111112,0.15492957746478872
0.4444444444444444,0.5714285714285714
0.5555555555555556,0.5882352941176471
0.5,0.6
0.2222222222222222,0.6666666666666666
0.2777777777777778,0.7142857142857143
0.3333333333333333,0.75
0.3888888888888889,0.7777777777777778
0.05555555555555555,1.0
0.1111111111111111,1.0
0.16666666666666666,1.0
