recall,precision
0.16058394160583941,0.6470588235294118
