recall,precision
0.1111111111111111,0.8571428571428571
0.12962962962962962,0.875
0.018518518518518517,1.0
0.037037037037037035,1.0
0.05555555555555555,1.0
0.07407407407407407,1.0
0.09259259259259259,1.0
