recall,precision
0.04830917874396135,0.9090909090909091
