recall,precision
0.03305785123966942,0.8888888888888888
