recall,precision
0.22388059701492538,0.6818181818181818
