recall,precision
0.35714285714285715,0.0017901897601145722
0.21428571428571427,0.01764705882352941
0.14285714285714285,0.25
0.07142857142857142,1.0
0.0,1.0
