recall,precision
0.45714285714285713,0.3047619047619048
0.4714285714285714,0.3113207547169811
0.42857142857142855,0.3125
0.4857142857142857,0.3177570093457944
0.44285714285714284,0.31958762886597936
0.34285714285714286,0.32
0.37142857142857144,0.32098765432098764
0.5,0.3211009174311927
0.5142857142857142,0.32432432432432434
0.35714285714285715,0.3246753246753247
0.38571428571428573,0.3253012048192771
0.5285714285714286,0.33035714285714285
0.4,0.3333333333333333
0.4142857142857143,0.3411764705882353
0.3142857142857143,0.4230769230769231
0.32857142857142857,0.42592592592592593
0.3,0.44680851063829785
0.2571428571428571,0.5
0.2857142857142857,0.5
0.2714285714285714,0.5135135135135135
0.24285714285714285,0.6071428571428571
0.15714285714285714,0.6875
0.1,0.7
0.17142857142857143,0.7058823529411765
0.07142857142857142,0.7142857142857143
0.14285714285714285,0.7142857142857143
0.18571428571428572,0.7222222222222222
0.11428571428571428,0.7272727272727273
0.22857142857142856,0.7272727272727273
0.2,0.7368421052631579
0.04285714285714286,0.75
0.08571428571428572,0.75
0.12857142857142856,0.75
0.21428571428571427,0.75
0.05714285714285714,0.8
0.014285714285714285,1.0
0.02857142857142857,1.0
