recall,precision
0.42857142857142855,0.4
0.35714285714285715,0.45454545454545453
0.2857142857142857,0.5714285714285714
0.21428571428571427,0.6
0.07142857142857142,1.0
0.14285714285714285,1.0
0.0,1.0
