recall,precision
0.06474820143884892,0.5294117647058824
0.05755395683453238,0.5714285714285714
0.050359712230215826,0.6363636363636364
0.014388489208633094,0.6666666666666666
0.02877697841726619,0.6666666666666666
0.04316546762589928,0.6666666666666666
0.03597122302158273,0.7142857142857143
0.007194244604316547,1.0
