recall,precision
0.015350877192982455,0.6363636363636364
0.0043859649122807015,0.6666666666666666
0.006578947368421052,0.75
0.008771929824561403,0.8
0.010964912280701754,0.8333333333333334
0.013157894736842105,0.8571428571428571
0.0021929824561403508,1.0
