recall,precision
0.6666666666666666,0.010050251256281407
0.5,0.01507537688442211
0.75,0.01507537688442211
0.42857142857142855,0.01507537688442211
0.375,0.01507537688442211
0.0,1.0
