recall,precision
0.034482758620689655,1.0
0.06896551724137931,1.0
0.13793103448275862,1.0
