recall,precision
0.6153846153846154,0.16
0.07692307692307693,0.5
0.38461538461538464,0.5555555555555556
0.23076923076923078,0.6
0.46153846153846156,0.6
0.5384615384615384,0.6363636363636364
0.15384615384615385,0.6666666666666666
0.3076923076923077,0.6666666666666666
