recall,precision
0.06278026905829596,0.7777777777777778
0.06726457399103139,0.7894736842105263
0.05829596412556054,0.8666666666666667
0.004484304932735426,1.0
0.008968609865470852,1.0
0.013452914798206279,1.0
0.017937219730941704,1.0
0.02242152466367713,1.0
0.026905829596412557,1.0
0.03139013452914798,1.0
0.03587443946188341,1.0
0.04035874439461883,1.0
0.04484304932735426,1.0
0.04932735426008968,1.0
0.053811659192825115,1.0
