recall,precision
0.15151515151515152,0.43478260869565216
0.16666666666666666,0.4583333333333333
0.13636363636363635,0.47368421052631576
0.12121212121212122,0.5
0.10606060606060606,0.7
0.015151515151515152,1.0
0.030303030303030304,1.0
0.045454545454545456,1.0
0.06060606060606061,1.0
0.07575757575757576,1.0
0.09090909090909091,1.0
