recall,precision
0.017857142857142856,0.5531914893617021
