recall,precision
0.014084507042253521,1.0
0.028169014084507043,1.0
0.04225352112676056,1.0
0.056338028169014086,1.0
0.07042253521126761,1.0
0.08450704225352113,1.0
0.09859154929577464,1.0
0.11267605633802817,1.0
