recall,precision
0.13441955193482688,0.9428571428571428
