recall,precision
0.3076923076923077,0.8
0.38461538461538464,0.8333333333333334
0.07692307692307693,1.0
0.15384615384615385,1.0
0.23076923076923078,1.0
