recall,precision
0.10980392156862745,0.9655172413793104
