recall,precision
0.44594594594594594,0.6346153846153846
