recall,precision
0.05970149253731343,0.5
0.1044776119402985,0.5384615384615384
0.07462686567164178,0.5555555555555556
0.13432835820895522,0.5625
0.11940298507462686,0.5714285714285714
0.14925373134328357,0.5882352941176471
0.08955223880597014,0.6
0.16417910447761194,0.6111111111111112
0.1791044776119403,0.631578947368421
0.19402985074626866,0.65
0.208955223880597,0.6666666666666666
0.22388059701492538,0.6818181818181818
0.014925373134328358,1.0
0.029850746268656716,1.0
0.04477611940298507,1.0
