recall,precision
0.007194244604316547,1.0
0.014388489208633094,1.0
0.02158273381294964,1.0
0.02877697841726619,1.0
0.03597122302158273,1.0
0.04316546762589928,1.0
0.050359712230215826,1.0
