recall,precision
0.125,0.47368421052631576
0.1388888888888889,0.5
0.1527777777777778,0.5238095238095238
0.1111111111111111,0.5714285714285714
0.09722222222222222,0.5833333333333334
0.08333333333333333,0.6
0.06944444444444445,0.8333333333333334
0.013888888888888888,1.0
0.027777777777777776,1.0
0.041666666666666664,1.0
0.05555555555555555,1.0
