recall,precision
0.3333333333333333,0.2777777777777778
0.3,0.32142857142857145
0.26666666666666666,0.5
0.1,1.0
0.13333333333333333,1.0
0.16666666666666666,1.0
0.2,1.0
0.23333333333333334,1.0
0.0,1.0
