recall,precision
0.11627906976744186,0.45454545454545453
0.13953488372093023,0.46153846153846156
0.16279069767441862,0.5
0.18604651162790697,0.5333333333333333
0.20930232558139536,0.5625
0.09302325581395349,0.6666666666666666
0.023255813953488372,1.0
0.046511627906976744,1.0
0.06976744186046512,1.0
