recall,precision
0.41379310344827586,0.8
0.3793103448275862,0.8461538461538461
0.3448275862068966,0.9090909090909091
0.034482758620689655,1.0
0.06896551724137931,1.0
0.10344827586206896,1.0
0.13793103448275862,1.0
0.1724137931034483,1.0
0.20689655172413793,1.0
0.2413793103448276,1.0
0.27586206896551724,1.0
0.3103448275862069,1.0
