recall,precision
0.6153846153846154,0.16
0.5384615384615384,0.5384615384615384
0.46153846153846156,0.5454545454545454
0.3076923076923077,0.5714285714285714
0.38461538461538464,0.625
0.07692307692307693,1.0
0.15384615384615385,1.0
0.23076923076923078,1.0
