recall,precision
0.3157894736842105,0.6206896551724138
