recall,precision
0.027777777777777776,1.0
0.05555555555555555,1.0
0.08333333333333333,1.0
0.1111111111111111,1.0
0.1388888888888889,1.0
0.16666666666666666,1.0
0.19444444444444445,1.0
0.2222222222222222,1.0
0.25,1.0
0.2777777777777778,1.0
