recall,precision
0.23333333333333334,0.875
0.03333333333333333,1.0
0.06666666666666667,1.0
0.13333333333333333,1.0
0.16666666666666666,1.0
0.2,1.0
