recall,precision
0.5555555555555556,0.3076923076923077
