#tail	head	KSP index	path cost
P04626	P42224	1	7.50000e-01
P16471	P05204	2	7.50000e-01
P16471	P42229	3	7.50000e-01
P16471	Q92793	4	7.50000e-01
Q15303	P42229	5	7.50000e-01
Q15303	P51692	6	7.50000e-01
O15524	P42224	7	5.62500e-01
P04626	O15524	7	5.62500e-01
O15524	P42229	8	5.62500e-01
O15524	P51692	9	5.62500e-01
O60674	P42224	10	5.62500e-01
P04626	O60674	10	5.62500e-01
