recall,precision
0.27586206896551724,0.32
0.3448275862068966,0.3448275862068966
0.3103448275862069,0.34615384615384615
0.2413793103448276,0.3684210526315789
0.13793103448275862,0.4
0.20689655172413793,0.4
0.1724137931034483,0.45454545454545453
0.034482758620689655,1.0
0.06896551724137931,1.0
0.0,1.0
