recall,precision
0.07142857142857142,1.0
0.14285714285714285,1.0
0.21428571428571427,1.0
0.2857142857142857,1.0
