recall,precision
0.14285714285714285,1.0
0.2857142857142857,1.0
0.42857142857142855,1.0
