recall,precision
0.06097560975609756,0.8333333333333334
0.07317073170731707,0.8571428571428571
0.08536585365853659,0.875
0.012195121951219513,1.0
0.024390243902439025,1.0
0.036585365853658534,1.0
0.04878048780487805,1.0
