recall,precision
0.38181818181818183,0.65625
