recall,precision
0.6111111111111112,0.15492957746478872
0.5,0.75
0.5555555555555556,0.7692307692307693
0.4444444444444444,0.8
0.1111111111111111,1.0
0.16666666666666666,1.0
0.2222222222222222,1.0
0.2777777777777778,1.0
0.3333333333333333,1.0
0.3888888888888889,1.0
