recall,precision
0.018518518518518517,1.0
0.037037037037037035,1.0
0.05555555555555555,1.0
0.07407407407407407,1.0
0.0,1.0
