recall,precision
0.6428571428571429,0.75
0.07142857142857142,1.0
0.14285714285714285,1.0
0.21428571428571427,1.0
0.2857142857142857,1.0
0.35714285714285715,1.0
0.42857142857142855,1.0
0.5,1.0
0.5714285714285714,1.0
