recall,precision
0.8571428571428571,0.21428571428571427
0.2857142857142857,0.4
0.5714285714285714,0.4444444444444444
0.42857142857142855,0.5
0.7142857142857143,0.5
0.14285714285714285,1.0
