recall,precision
0.23529411764705882,0.6153846153846154
