recall,precision
0.05263157894736842,0.25
0.10526315789473684,0.4
