recall,precision
0.17647058823529413,0.75
0.23529411764705882,0.8
0.29411764705882354,0.8333333333333334
0.35294117647058826,0.8571428571428571
0.4117647058823529,0.875
0.058823529411764705,1.0
0.11764705882352941,1.0
