recall,precision
0.2857142857142857,0.5238095238095238
