recall,precision
0.35714285714285715,0.2631578947368421
0.07142857142857142,1.0
0.14285714285714285,1.0
0.21428571428571427,1.0
0.0,1.0
